[{
	"activityDuration": [20, 45, 35, 40],
	"age": 30,
	"goal": {
		"activityGoal": "75min",
		"stepGoal": 8000,
		"weekGoal": 3
	},
	"stepCount": [2034, 5432, 3056, 4302],
	"uid": 1001
},
{
	"activityDuration": [50, 4, 10, 60, 67, 10, 30, 45],
	"gender": "female",
	"goal": {
		"activityGoal": "45min",
		"stepGoal": 0,
		"weekGoal": 4
	},
	"tags": ["activityOnly"],
	"uid": 1002
},
{
	"division": "HR",
	"employeeID": 111001111,
	"gender": "male",
	"goal": {
		"activityGoal": "NA",
		"stepGoal": 10000,
		"weekGoal": 5
	},
	"height": "5ft10in",
	"stepCount": [6010, 8900, 10141, 7543, 6364, 4901, 351, 204, 5371, 3454, 6574, 7856, 9365, 9646],
	"tags": ["active", "stepOnly"],
	"uid": 1003,
	"weight": "172lbs"
},
{
	"uid": 1004,
	"age": 45,
	"height": "5ft1in",
	"weight": "160lbs",
	"activityDuration": [67, 48, 56, 15, 57, 20, 57, 15, 60, 10, 4, 3, 89],
	"goal": {
		"activityGoal": "60min",
		"stepGoal": 0,
		"weekGoal": 3
	},
	"tags": ["irregular", "activityOnly"]
},
{
	"uid": 1005,
	"activityDuration": [56, 62, 48, 54],
	"stepCount": [6792, 7832, 5876, 6453],
	"age": 50,
	"gender": "male",
	"goal": {
		"activityGoal": "45min",
		"stepGoal": 8000,
		"weekGoal": 3
	},
	"tags": ["active"]
},
{
	"uid": 1006,
	"stepCount": [7694, 4568, 2390, 6738, 1243, 132, 6785],
	"goal": {
		"activityGoal": "NA",
		"stepGoal": 5000,
		"weekGoal": 7
	},
	"tags": ["irregular", "stepOnly"]
},
{
	"uid": 1007,
	"activityDuration": [23, 14, 32, 12, 19, 32],
	"stepCount": [543, 534, 231, 234, 241],
	"goal": {
		"activityGoal": "30",
		"stepGoal": 1000,
		"weekGoal": 7
	},
	"tags": ["beginner"]
},
{
	"uid": 1008,
	"activityDuration": [72, 75, 78, 45, 79, 86],
	"stepCount": [10439, 10456, 10458, 3423, 10807, 11232],
	"gymDuration": [62, 61, 64, 0, 67, 69],
	"height": "5ft10in",
	"weight": "178lbs",
	"goal": {
		"activityGoal": "90",
		"stepGoal": 12000,
		"weekGoal": 5
	},
	"competitors": [1009],
	"tags": ["regular", "sportsman", "gymGoer", "competitor"]
},
{
	"uid": 1009,
	"activityDuration": [73, 68, 83, 79, 34, 86],
	"stepCount": [10439, 10216, 11342, 11278, 4323, 11762],
	"gymDuration": [60, 58, 64, 62, 0, 64],
	"height": "5ft8in",
	"weight": "183lbs",
	"goal": {
		"activityGoal": "90",
		"stepGoal": 12000,
		"weekGoal": 5
	},
	"competitors": [1008],
	"tags": ["regular", "sportsman", "gymGoer", "competitor"]
}]